id,provider_id,category_id,title,slug,description,short_description,base_price_cents,pricing_type,duration_minutes,images,includes,why_choose,is_active,is_verified,is_featured,is_deleted,rating,total_reviews,total_bookings,verified_hours,created_at,updated_at,duration_days,duration_hours,total_duration_minutes,advance_payment_percentage,isRejected,max_booking_hours,max_parallel_bookings,milestones,min_booking_hours,rejectedAt,rejectionNote,service_location,excludes,platform_fee_percentage
2068fbb5-f807-4931-8a52-56af18196903,c3013b2a-9a7f-40fe-b87c-f2624a1117c9,e54b2e6e-af87-4b2f-9512-20314813671a,Deep Home Cleaning,deep-home-cleaning-1,"Professional deep cleaning of your entire home including kitchen, bathrooms and bedrooms.",Full home deep clean with eco products,149900,fixed,180,"[""https://images.unsplash.com/photo-1581578731548-c64695cc6952?w=400&h=300&fit=crop""]",,,t,t,t,f,4.97,22,50,0,2026-04-03 19:41:50.590,2026-04-03 19:41:50.590,0,0,,0,f,,1,,,,,onsite,,
db4f2dda-db4f-45d3-a287-c1c53af5606d,fb02cc38-4895-49c4-966d-2fb6a67734b8,a8946753-adbb-463c-8c91-e19653b7d3f2,Party Makeup,party-makeup-2,HD or airbrush party makeup with hairstyling for events.,Party-ready HD makeup and styling,249900,fixed,90,"[""https://images.unsplash.com/photo-1581578731548-c64695cc6952?w=400&h=300&fit=crop""]",,,t,t,t,f,4.01,29,47,0,2026-02-08 03:45:13.261,2026-02-08 03:45:13.261,0,0,,0,f,,1,,,,,online,,
9f607a3c-458d-4350-a754-30fc2045b99d,cf40a63e-88d6-4025-a946-b4352e1f0c05,cc4a0570-3b04-4b2a-a2e9-05ec4804431d,Refrigerator Repair,refrigerator-repair-3,"Fridge compressor, thermostat and gas leak repair by certified technicians.",Certified fridge repair service,44900,fixed,75,"[""https://images.unsplash.com/photo-1581578731548-c64695cc6952?w=400&h=300&fit=crop""]",,,t,t,t,f,4.01,28,64,0,2026-01-20 14:12:21.702,2026-01-20 14:12:21.702,0,0,,0,f,,1,,,,,onsite,,
8addc76f-9b37-4d39-ad33-d4ad3bf429e5,edaa2dde-21bc-4704-ab2c-3e6bc3c97729,3f160228-51c8-4ecf-8a0a-57dfed1b0239,Newborn & Maternity Shoot,newborn-maternity-shoot-4,Artistic maternity and newborn portraits in natural or studio settings.,Artistic maternity and newborn portraits,899900,fixed,180,"[""https://images.unsplash.com/photo-1581578731548-c64695cc6952?w=400&h=300&fit=crop""]",,,t,t,t,f,4.05,69,93,0,2026-04-23 06:24:17.742,2026-04-23 06:24:17.742,0,0,,0,f,,1,,,,,onsite,,
f5ef9f65-b02a-4150-b712-ddc29646cf85,157afe0e-6c85-4a77-9cfe-18d0ced2a45b,0e2acfd3-b488-493c-a54f-d3268eb73f66,Preschool Readiness,preschool-readiness-5,Activity-based learning for children aged 3-6 to prepare for school.,School readiness for ages 3-6,60000,hourly,45,"[""https://images.unsplash.com/photo-1581578731548-c64695cc6952?w=400&h=300&fit=crop""]",,,t,t,t,f,4.55,3,28,0,2026-04-14 07:33:29.368,2026-04-14 07:33:29.368,0,0,,0,f,,1,,,,,online,,
f373acbf-28ed-4d70-a098-a171f2d146c8,ed83f202-2b48-4b1f-a319-ae3d00ffc26a,3683acb1-77f4-42bd-92e3-f5723891b482,Personal Fitness Training,personal-fitness-training-6,One-on-one personal training with customized workout and diet plan.,Custom personal training and diet,120000,hourly,60,"[""https://images.unsplash.com/photo-1581578731548-c64695cc6952?w=400&h=300&fit=crop""]",,,t,t,f,f,4.29,105,140,0,2026-01-18 13:26:05.900,2026-01-18 13:26:05.900,0,0,,0,f,,1,,,,,online,,
e47f2986-e729-429e-bfc2-d83c9441fdeb,9dd20490-8ffb-4675-86a0-07f4dd2e4d7f,09219e10-8c5b-4ec3-ac67-83637c35bc83,Corporate Event Management,corporate-event-mgmt-7,"Full-scale corporate event planning: venue, AV, catering and logistics.",Corporate event planning and execution,2999900,custom,480,"[""https://images.unsplash.com/photo-1581578731548-c64695cc6952?w=400&h=300&fit=crop""]",,,t,t,t,f,4.73,107,143,0,2026-01-30 12:14:03.699,2026-01-30 12:14:03.699,0,0,,0,f,,1,,,,,onsite,,
b41f7245-d64f-46ec-af93-8a50ab5e85b7,ca902de4-1b7a-4b03-b775-566bbb4c3a6c,5f7d1bd3-a25c-49c9-bb6f-3a3e49e624b4,Home Network Setup,home-network-setup-8,"Wi-Fi router setup, network optimization and connectivity troubleshooting.",Home Wi-Fi and network setup,39900,fixed,60,"[""https://images.unsplash.com/photo-1581578731548-c64695cc6952?w=400&h=300&fit=crop""]",,,t,t,f,f,4.02,90,100,0,2026-02-21 23:16:36.872,2026-02-21 23:16:36.872,0,0,,0,f,,1,,,,,onsite,,
ed4cb010-e361-474c-b9f9-a888b423a48a,ac54e963-c6e2-4d2d-bf5c-75e3183b001e,e54b2e6e-af87-4b2f-9512-20314813671a,Post-Construction Cleanup,post-construction-cleanup-9,Full cleanup after renovation or construction work.,Post-renovation site cleanup,199900,fixed,240,"[""https://images.unsplash.com/photo-1581578731548-c64695cc6952?w=400&h=300&fit=crop""]",,,t,t,t,f,4.22,90,133,0,2026-01-05 06:07:04.323,2026-01-05 06:07:04.323,0,0,,0,f,,1,,,,,onsite,,
9d453ab8-13e7-4487-8c66-65e381bfa1d6,32387b5c-40f4-4d28-b674-54c6946bb81d,a8946753-adbb-463c-8c91-e19653b7d3f2,Mehendi Design,mehendi-design-10,Intricate bridal or party mehendi designs by expert artists.,Expert bridal and party mehendi,79900,fixed,120,"[""https://images.unsplash.com/photo-1581578731548-c64695cc6952?w=400&h=300&fit=crop""]",,,t,t,t,f,4.58,54,60,0,2026-02-11 02:05:29.832,2026-02-11 02:05:29.832,0,0,,0,f,,1,,,,,onsite,,
5121e98a-306c-46da-ad7e-ecad56585603,add177bf-f67f-40c2-b476-1ba39e0e6524,cc4a0570-3b04-4b2a-a2e9-05ec4804431d,AC Repair & Service,ac-repair-service-11,"AC repair, gas refilling, filter replacement and deep cleaning for all brands.",Expert AC repair for all brands,49900,fixed,90,"[""https://images.unsplash.com/photo-1581578731548-c64695cc6952?w=400&h=300&fit=crop""]",,,t,t,t,f,4.17,11,57,0,2026-05-31 03:50:49.763,2026-05-31 03:50:49.763,0,0,,0,f,,1,,,,,onsite,,
2e1118cc-e445-4021-bc23-e9efdf722b74,44559241-27b2-48d2-8e51-8e42d4f1db4d,3f160228-51c8-4ecf-8a0a-57dfed1b0239,Birthday Photography,birthday-photography-12,Professional birthday event photography with same-day preview shots.,Birthday shoot with same-day preview,699900,fixed,180,"[""https://images.unsplash.com/photo-1581578731548-c64695cc6952?w=400&h=300&fit=crop""]",,,t,t,t,f,3.59,52,100,0,2026-02-27 04:29:45.406,2026-02-27 04:29:45.406,0,0,,0,f,,1,,,,,onsite,,
6e32ee9e-936a-45a4-9066-dfd79f6f0664,e4efbc51-7223-48ba-8c4f-ce5016e736f6,0e2acfd3-b488-493c-a54f-d3268eb73f66,IELTS/TOEFL Preparation,ielts-toefl-prep-13,Structured IELTS and TOEFL coaching targeting Band 7+ scores.,IELTS/TOEFL coaching for Band 7+,120000,hourly,90,"[""https://images.unsplash.com/photo-1581578731548-c64695cc6952?w=400&h=300&fit=crop""]",,,t,t,t,f,3.83,0,43,0,2026-03-31 02:10:15.100,2026-03-31 02:10:15.100,0,0,,0,f,,1,,,,,onsite,,
c2761ec0-ad7e-403e-bf24-87c244f89f09,c6e09119-8bb0-4ec6-abb5-586ab3313507,3683acb1-77f4-42bd-92e3-f5723891b482,Nutritionist Consultation,nutritionist-consultation-14,Personalized diet planning and nutrition guidance by certified nutritionists.,Custom diet plan from certified nutritionist,150000,fixed,60,"[""https://images.unsplash.com/photo-1581578731548-c64695cc6952?w=400&h=300&fit=crop""]",,,t,t,t,f,4.01,74,93,0,2026-05-01 18:50:33.515,2026-05-01 18:50:33.515,0,0,,0,f,,1,,,,,online,,
5fb41417-af66-4235-81bf-d2c2940626be,df09adb9-38c7-4309-a7e8-36adddeb2531,09219e10-8c5b-4ec3-ac67-83637c35bc83,DJ & Sound Setup,dj-sound-setup-15,"Professional DJ setup, sound system and lighting for parties and weddings.",DJ and sound system for events,399900,fixed,360,"[""https://images.unsplash.com/photo-1581578731548-c64695cc6952?w=400&h=300&fit=crop""]",,,t,t,t,f,4.07,38,80,0,2026-02-17 07:14:03.743,2026-02-17 07:14:03.743,0,0,,0,f,,1,,,,,onsite,,
c704951e-704c-4f8a-840e-dfb03667eda8,bde3d7e5-8b01-43e0-843d-2e92e6f4d523,5f7d1bd3-a25c-49c9-bb6f-3a3e49e624b4,Laptop/PC Repair,laptop-pc-repair-16,Diagnosis and repair of laptops and desktops for all brands.,All-brand laptop and PC repair,59900,fixed,90,"[""https://images.unsplash.com/photo-1581578731548-c64695cc6952?w=400&h=300&fit=crop""]",,,t,t,f,f,4.49,119,150,0,2026-06-04 06:06:38.817,2026-06-04 06:06:38.817,0,0,,0,f,,1,,,,,online,,
de2112d7-fecd-4a8e-be80-211a070de06d,204fdf4e-ce34-4906-8036-4c3954382fb5,e54b2e6e-af87-4b2f-9512-20314813671a,Sofa & Carpet Cleaning,sofa-carpet-cleaning-17,"Steam cleaning and sanitizing sofas, carpets and upholstery.",Deep sofa and carpet steam cleaning,79900,fixed,120,"[""https://images.unsplash.com/photo-1581578731548-c64695cc6952?w=400&h=300&fit=crop""]",,,t,t,t,f,4.22,11,60,0,2026-01-03 11:01:52.189,2026-01-03 11:01:52.189,0,0,,0,f,,1,,,,,onsite,,
0d452298-6f9c-42b6-b907-071c25ff1860,37eb43a3-7e24-4226-87b8-5d9d6aa43d9f,a8946753-adbb-463c-8c91-e19653b7d3f2,Facial & Skin Treatment,facial-skin-treatment-18,"Advanced facial, clean-up and skin rejuvenation at your doorstep.",Doorstep facial and skin rejuvenation,149900,fixed,75,"[""https://images.unsplash.com/photo-1581578731548-c64695cc6952?w=400&h=300&fit=crop""]",,,t,t,t,f,4.38,2,10,0,2026-05-04 05:51:55.591,2026-05-04 05:51:55.591,0,0,,0,f,,1,,,,,onsite,,
1d599013-2b3f-4c59-a7a4-b67f38e6f2f1,d9d5beb2-b6f1-4b81-a1d8-4655d7a65f79,cc4a0570-3b04-4b2a-a2e9-05ec4804431d,Plumbing Services,plumbing-services-19,"Tap, pipeline, drainage and bathroom fitting repair and installation.",Home plumbing repair and installation,34900,fixed,60,"[""https://images.unsplash.com/photo-1581578731548-c64695cc6952?w=400&h=300&fit=crop""]",,,t,t,t,f,4.09,71,82,0,2026-03-21 02:43:41.242,2026-03-21 02:43:41.242,0,0,,0,f,,1,,,,,onsite,,
07aa854d-a626-4d6e-a93c-ab727619c346,151f92e6-2983-4856-91ba-2ea73a6a6984,3f160228-51c8-4ecf-8a0a-57dfed1b0239,Corporate Headshots,corporate-headshots-20,Professional corporate and LinkedIn headshots with retouching.,LinkedIn-ready corporate headshots,399900,fixed,90,"[""https://images.unsplash.com/photo-1581578731548-c64695cc6952?w=400&h=300&fit=crop""]",,,t,t,t,f,4.65,96,102,0,2026-01-28 08:16:10.332,2026-01-28 08:16:10.332,0,0,,0,f,,1,,,,,onsite,,
40ef0e98-b824-49ed-a20e-6d1f900a0457,98b673d0-3aab-4820-84c8-efd714f1bb65,0e2acfd3-b488-493c-a54f-d3268eb73f66,Math & Science Tutoring,math-science-tutoring-21,"Personalized tutoring for Class 8-12 Mathematics, Physics and Chemistry.",Class 8-12 Math & Science tutoring,80000,hourly,60,"[""https://images.unsplash.com/photo-1581578731548-c64695cc6952?w=400&h=300&fit=crop""]",,,t,t,t,f,3.75,74,86,0,2026-06-26 14:28:57.741,2026-06-26 14:28:57.741,0,0,,0,f,,1,,,,,onsite,,
09d41377-5383-49a0-81a2-495768c48939,cb2b8b2b-12a6-4560-ae31-313fd2244e42,3683acb1-77f4-42bd-92e3-f5723891b482,Yoga at Home,yoga-at-home-22,"Morning yoga sessions at your home for flexibility, breathing and mindfulness.",Personalized home yoga sessions,80000,hourly,60,"[""https://images.unsplash.com/photo-1581578731548-c64695cc6952?w=400&h=300&fit=crop""]",,,t,t,t,f,4.25,48,83,0,2026-04-25 19:45:18.572,2026-04-25 19:45:18.572,0,0,,0,f,,1,,,,,onsite,,
48690c16-2777-4d6a-8641-e78cfe53b5f0,52062ded-7141-4c12-acea-58f02a177340,09219e10-8c5b-4ec3-ac67-83637c35bc83,Wedding Decoration,wedding-decoration-23,"Floral, thematic and stage decoration for weddings and receptions.",Complete wedding decor and florals,1499900,fixed,360,"[""https://images.unsplash.com/photo-1581578731548-c64695cc6952?w=400&h=300&fit=crop""]",,,t,t,f,f,4.13,25,31,0,2026-03-29 10:01:43.419,2026-03-29 10:01:43.419,0,0,,0,f,,1,,,,,onsite,,
3aacd4f7-1986-42a7-82a4-c4934ae1b747,b65a2765-2a97-46bf-b3bd-a306b5732ad2,5f7d1bd3-a25c-49c9-bb6f-3a3e49e624b4,CCTV Installation,cctv-installation-24,Professional CCTV camera installation and DVR configuration for homes and offices.,Home and office CCTV installation,149900,fixed,120,"[""https://images.unsplash.com/photo-1581578731548-c64695cc6952?w=400&h=300&fit=crop""]",,,t,t,t,f,4.02,37,57,0,2026-01-13 09:15:50.794,2026-01-13 09:15:50.794,0,0,,0,f,,1,,,,,onsite,,
376a83e9-9aea-4529-b4f6-fba2f84a7f39,2655ce87-1296-4127-a9d7-1877eb5796c8,e54b2e6e-af87-4b2f-9512-20314813671a,Move-in/Move-out Cleaning,move-in-out-cleaning-25,Complete cleaning service before or after moving homes.,Thorough move-in or move-out cleaning,129900,fixed,150,"[""https://images.unsplash.com/photo-1581578731548-c64695cc6952?w=400&h=300&fit=crop""]",,,t,t,t,f,3.79,31,48,0,2026-03-29 11:50:42.974,2026-03-29 11:50:42.974,0,0,,0,f,,1,,,,,onsite,,
2fd95bd7-2241-4684-875a-8910e7b7fab7,b032b7e1-b41c-4623-a979-8c2694a24a68,a8946753-adbb-463c-8c91-e19653b7d3f2,Bridal Makeup & Hair,bridal-makeup-hair-26,"Complete bridal makeup, hairstyling and saree draping for the big day.",Bridal makeup with trial session included,899900,fixed,240,"[""https://images.unsplash.com/photo-1581578731548-c64695cc6952?w=400&h=300&fit=crop""]",,,t,t,t,f,3.70,21,39,0,2026-01-27 18:09:42.275,2026-01-27 18:09:42.275,0,0,,0,f,,1,,,,,onsite,,
860b22be-5864-431d-afb5-d0fbb965ca26,b450497c-18f3-4ae8-85ee-6b1ba1d8e0c2,cc4a0570-3b04-4b2a-a2e9-05ec4804431d,Washing Machine Repair,washing-machine-repair-27,Washing machine diagnosis and repair for all brands and models.,All-brand washing machine repair,39900,fixed,60,"[""https://images.unsplash.com/photo-1581578731548-c64695cc6952?w=400&h=300&fit=crop""]",,,t,t,t,f,4.83,64,103,0,2026-04-05 22:42:16.429,2026-04-05 22:42:16.429,0,0,,0,f,,1,,,,,onsite,,
fb09b6cf-4ba7-4ab1-bfe3-4f597110b076,b1d20a33-de64-4386-96d3-e41bde7ed0f7,3f160228-51c8-4ecf-8a0a-57dfed1b0239,Product Photography,product-photography-28,Studio-quality product photos for e-commerce and marketing.,E-commerce product photography,299900,fixed,120,"[""https://images.unsplash.com/photo-1581578731548-c64695cc6952?w=400&h=300&fit=crop""]",,,t,t,t,f,4.92,87,118,0,2026-05-27 09:23:32.808,2026-05-27 09:23:32.808,0,0,,0,f,,1,,,,,onsite,,
e65fba5a-1b22-4397-ae1e-bf37ea87dd02,ab7c3b3e-b6ca-45fc-9fed-21bbf1361532,0e2acfd3-b488-493c-a54f-d3268eb73f66,Coding for Beginners,coding-beginners-29,"Beginner-friendly Python, web and logic programming sessions for school/college students.",Python and web coding for beginners,90000,hourly,60,"[""https://images.unsplash.com/photo-1581578731548-c64695cc6952?w=400&h=300&fit=crop""]",,,t,t,t,f,4.60,40,56,0,2026-06-19 17:00:24.543,2026-06-19 17:00:24.543,0,0,,0,f,,1,,,,,onsite,,
d77ef5eb-d280-48ff-a3e3-06745097c010,44854d99-33b2-4569-aacb-a0cb0d313fbd,3683acb1-77f4-42bd-92e3-f5723891b482,Post-Natal Fitness,post-natal-fitness-30,Gentle and safe fitness routines for new mothers to regain strength.,Safe post-natal fitness for new moms,90000,hourly,45,"[""https://images.unsplash.com/photo-1581578731548-c64695cc6952?w=400&h=300&fit=crop""]",,,t,t,t,f,4.33,6,12,0,2026-05-09 23:58:38.720,2026-05-09 23:58:38.720,0,0,,0,f,,1,,,,,online,,
cdbd3ec8-04d8-4517-a3e4-05a2425b532c,ab071da8-2701-4661-be62-8efcf4d73c9c,09219e10-8c5b-4ec3-ac67-83637c35bc83,Birthday Party Planning,birthday-party-planning-31,"Complete birthday party organization including decor, catering and entertainment.",End-to-end birthday party management,499900,fixed,480,"[""https://images.unsplash.com/photo-1581578731548-c64695cc6952?w=400&h=300&fit=crop""]",,,t,t,t,f,4.20,82,115,0,2026-04-07 00:02:57.107,2026-04-07 00:02:57.107,0,0,,0,f,,1,,,,,online,,
85f88847-11c1-4c60-9057-4f04ec5fee01,36fe490d-84e1-423d-af19-e68fe088d496,5f7d1bd3-a25c-49c9-bb6f-3a3e49e624b4,Software Installation,software-installation-32,"OS reinstallation, driver updates, antivirus and software setup.",OS and software setup service,29900,fixed,60,"[""https://images.unsplash.com/photo-1581578731548-c64695cc6952?w=400&h=300&fit=crop""]",,,t,t,t,f,4.70,83,110,0,2026-01-05 18:16:10.184,2026-01-05 18:16:10.184,0,0,,0,f,,1,,,,,onsite,,
16b64414-97cb-476d-a728-4b85e41398aa,823fcf29-2c9f-4cb3-94a2-1739eaa0a716,e54b2e6e-af87-4b2f-9512-20314813671a,Kitchen Deep Clean,kitchen-deep-clean-33,"Thorough kitchen degreasing, chimney cleaning and appliance wipe-down.",Kitchen deep clean and degreasing,59900,fixed,90,"[""https://images.unsplash.com/photo-1581578731548-c64695cc6952?w=400&h=300&fit=crop""]",,,t,t,f,f,3.92,120,132,0,2026-05-14 12:30:49.329,2026-05-14 12:30:49.329,0,0,,0,f,,1,,,,,onsite,,
6cb9d540-1332-4180-bb15-3d5dfe6b477c,47ffd2f9-e173-40b1-8dc5-ae94a2d3ebea,a8946753-adbb-463c-8c91-e19653b7d3f2,Full Body Massage,full-body-massage-34,Relaxing full-body massage using therapeutic oils by a trained therapist.,Therapeutic full-body massage at home,179900,fixed,90,"[""https://images.unsplash.com/photo-1581578731548-c64695cc6952?w=400&h=300&fit=crop""]",,,t,t,t,f,4.99,25,68,0,2026-04-03 05:02:14.134,2026-04-03 05:02:14.134,0,0,,0,f,,1,,,,,onsite,,
eb173132-6e81-4976-ba1a-9b4ac397e2a5,ce17cf24-1e8f-4a9b-a7e4-0fef6e61456b,cc4a0570-3b04-4b2a-a2e9-05ec4804431d,Electrical Repair,electrical-repair-35,"Wiring, switchboard, fan and light fitting repair by licensed electricians.",Licensed home electrical repair,29900,fixed,60,"[""https://images.unsplash.com/photo-1581578731548-c64695cc6952?w=400&h=300&fit=crop""]",,,t,t,t,f,4.56,20,42,0,2026-02-11 17:20:48.690,2026-02-11 17:20:48.690,0,0,,0,f,,1,,,,,online,,
d36b870a-c941-4fc9-8b18-b2c0e3af2744,074d37fc-763f-41a8-a05a-837d881a4741,3f160228-51c8-4ecf-8a0a-57dfed1b0239,Wedding Photography,wedding-photography-36,"Full-day wedding coverage with candid shots, pre-wedding shoot and edited album.",Full-day wedding coverage + pre-shoot,4999900,custom,720,"[""https://images.unsplash.com/photo-1581578731548-c64695cc6952?w=400&h=300&fit=crop""]",,,t,t,t,f,4.31,108,135,0,2026-04-02 22:02:53.443,2026-04-02 22:02:53.443,0,0,,0,f,,1,,,,,onsite,,
585bc59f-1092-43c8-8e07-cc0961f8a053,7a16cc9b-7f2d-4e5b-932d-7f1c38bd1263,0e2acfd3-b488-493c-a54f-d3268eb73f66,English Language Coaching,english-coaching-37,"Spoken English, grammar and writing improvement for all ages.",Spoken English and grammar coaching,70000,hourly,60,"[""https://images.unsplash.com/photo-1581578731548-c64695cc6952?w=400&h=300&fit=crop""]",,,t,t,f,f,3.67,103,135,0,2026-06-10 06:48:45.636,2026-06-10 06:48:45.636,0,0,,0,f,,1,,,,,onsite,,
201e4ae8-dc29-4f6a-8b0a-fca7cee41b13,b52b3f4f-af3f-47b1-82d5-69ccb3df114e,3683acb1-77f4-42bd-92e3-f5723891b482,Zumba Dance Classes,zumba-dance-classes-38,High-energy Zumba sessions for weight loss and fitness.,Fun Zumba fitness classes at home,70000,hourly,60,"[""https://images.unsplash.com/photo-1581578731548-c64695cc6952?w=400&h=300&fit=crop""]",,,t,t,t,f,4.08,20,53,0,2026-01-16 20:47:24.139,2026-01-16 20:47:24.139,0,0,,0,f,,1,,,,,online,,
fcb4d5ec-ee69-4268-85fd-046967524ea0,82f8b23c-b2ac-4162-ae78-a9ff4503aa05,09219e10-8c5b-4ec3-ac67-83637c35bc83,Catering Services,catering-services-39,Traditional Kerala and multicuisine catering for all event sizes.,Kerala and multicuisine event catering,99900,custom,240,"[""https://images.unsplash.com/photo-1581578731548-c64695cc6952?w=400&h=300&fit=crop""]",,,t,t,t,f,4.17,21,43,0,2026-03-30 04:42:20.261,2026-03-30 04:42:20.261,0,0,,0,f,,1,,,,,online,,
f4e19a28-c781-41e3-a30f-1e2b3b03adbf,b09804b0-90c2-4616-a65d-7415adb1c163,5f7d1bd3-a25c-49c9-bb6f-3a3e49e624b4,Data Recovery,data-recovery-40,"Professional recovery of lost data from hard drives, SSDs and USB devices.",Hard drive and SSD data recovery,99900,fixed,120,"[""https://images.unsplash.com/photo-1581578731548-c64695cc6952?w=400&h=300&fit=crop""]",,,t,t,t,f,3.65,10,51,0,2026-06-02 22:33:17.548,2026-06-02 22:33:17.548,0,0,,0,f,,1,,,,,online,,
fc78caf2-d15b-4657-bdd6-f654632da092,083c3e2b-c7cb-4d5c-a1b4-0bc52a553fd0,e54b2e6e-af87-4b2f-9512-20314813671a,Deep Home Cleaning,deep-home-cleaning-41,"Professional deep cleaning of your entire home including kitchen, bathrooms and bedrooms.",Full home deep clean with eco products,149900,fixed,180,"[""https://images.unsplash.com/photo-1581578731548-c64695cc6952?w=400&h=300&fit=crop""]",,,t,t,t,f,4.23,39,69,0,2026-02-08 13:32:08.783,2026-02-08 13:32:08.783,0,0,,0,f,,1,,,,,online,,
2a0a85ee-e6bb-4d90-892d-bb53c68b9b1b,d5010c03-d935-4f04-b51e-9c0aed2a88c6,a8946753-adbb-463c-8c91-e19653b7d3f2,Party Makeup,party-makeup-42,HD or airbrush party makeup with hairstyling for events.,Party-ready HD makeup and styling,249900,fixed,90,"[""https://images.unsplash.com/photo-1581578731548-c64695cc6952?w=400&h=300&fit=crop""]",,,t,t,f,f,3.84,66,74,0,2026-06-16 22:29:56.698,2026-06-16 22:29:56.698,0,0,,0,f,,1,,,,,onsite,,
9564e6b3-905f-4161-8473-34f8e71f408d,f5bb3ee4-9333-459f-8821-c0cadcd895ad,cc4a0570-3b04-4b2a-a2e9-05ec4804431d,Refrigerator Repair,refrigerator-repair-43,"Fridge compressor, thermostat and gas leak repair by certified technicians.",Certified fridge repair service,44900,fixed,75,"[""https://images.unsplash.com/photo-1581578731548-c64695cc6952?w=400&h=300&fit=crop""]",,,t,t,t,f,4.71,82,95,0,2026-03-14 03:07:43.669,2026-03-14 03:07:43.669,0,0,,0,f,,1,,,,,onsite,,
3407e2b9-9c01-48a5-a3c3-f453b4c8a810,3aaec300-f526-4f0a-a7d3-1a6b36e9a4de,3f160228-51c8-4ecf-8a0a-57dfed1b0239,Newborn & Maternity Shoot,newborn-maternity-shoot-44,Artistic maternity and newborn portraits in natural or studio settings.,Artistic maternity and newborn portraits,899900,fixed,180,"[""https://images.unsplash.com/photo-1581578731548-c64695cc6952?w=400&h=300&fit=crop""]",,,t,t,f,f,4.56,12,16,0,2026-02-14 14:59:11.688,2026-02-14 14:59:11.688,0,0,,0,f,,1,,,,,onsite,,
649dbf63-ecbc-46d4-9fa5-28787b26b4e5,b814f25b-75a3-4f6a-af3e-1b126424964b,0e2acfd3-b488-493c-a54f-d3268eb73f66,Preschool Readiness,preschool-readiness-45,Activity-based learning for children aged 3-6 to prepare for school.,School readiness for ages 3-6,60000,hourly,45,"[""https://images.unsplash.com/photo-1581578731548-c64695cc6952?w=400&h=300&fit=crop""]",,,t,t,t,f,4.57,101,126,0,2026-06-12 01:52:50.592,2026-06-12 01:52:50.592,0,0,,0,f,,1,,,,,onsite,,
0b72f24d-69d9-4138-8497-f76191286952,2c52bd17-e78b-46d3-8c9c-c076335730d2,3683acb1-77f4-42bd-92e3-f5723891b482,Personal Fitness Training,personal-fitness-training-46,One-on-one personal training with customized workout and diet plan.,Custom personal training and diet,120000,hourly,60,"[""https://images.unsplash.com/photo-1581578731548-c64695cc6952?w=400&h=300&fit=crop""]",,,t,t,t,f,4.53,61,103,0,2026-05-06 16:41:01.675,2026-05-06 16:41:01.675,0,0,,0,f,,1,,,,,onsite,,
fb323490-d754-4582-822b-cfac65de0ad7,48d932a7-d15b-4991-8b5b-1ec7e7bf3a07,09219e10-8c5b-4ec3-ac67-83637c35bc83,Corporate Event Management,corporate-event-mgmt-47,"Full-scale corporate event planning: venue, AV, catering and logistics.",Corporate event planning and execution,2999900,custom,480,"[""https://images.unsplash.com/photo-1581578731548-c64695cc6952?w=400&h=300&fit=crop""]",,,t,t,f,f,3.80,77,83,0,2026-05-26 21:38:54.622,2026-05-26 21:38:54.622,0,0,,0,f,,1,,,,,online,,
3efdeeb1-ba1b-4b45-b06f-7aae8d6f2d95,5e451625-1e5d-4047-8613-383bb010e34d,5f7d1bd3-a25c-49c9-bb6f-3a3e49e624b4,Home Network Setup,home-network-setup-48,"Wi-Fi router setup, network optimization and connectivity troubleshooting.",Home Wi-Fi and network setup,39900,fixed,60,"[""https://images.unsplash.com/photo-1581578731548-c64695cc6952?w=400&h=300&fit=crop""]",,,t,t,f,f,4.56,45,92,0,2026-01-12 19:44:30.167,2026-01-12 19:44:30.167,0,0,,0,f,,1,,,,,online,,
346f1951-b7d9-4d47-bbc1-5cdfc6baa20f,6cbe8988-731e-4ff4-a54a-0a10ef73a66e,e54b2e6e-af87-4b2f-9512-20314813671a,Post-Construction Cleanup,post-construction-cleanup-49,Full cleanup after renovation or construction work.,Post-renovation site cleanup,199900,fixed,240,"[""https://images.unsplash.com/photo-1581578731548-c64695cc6952?w=400&h=300&fit=crop""]",,,t,t,t,f,3.52,60,66,0,2026-04-09 06:39:46.836,2026-04-09 06:39:46.836,0,0,,0,f,,1,,,,,onsite,,
0cd8273a-fc6e-4e19-80fa-fdc58159a2c6,69c54013-bcdd-459f-b3ca-bd5abbffd76a,a8946753-adbb-463c-8c91-e19653b7d3f2,Mehendi Design,mehendi-design-50,Intricate bridal or party mehendi designs by expert artists.,Expert bridal and party mehendi,79900,fixed,120,"[""https://images.unsplash.com/photo-1581578731548-c64695cc6952?w=400&h=300&fit=crop""]",,,t,t,t,f,4.45,13,37,0,2026-06-15 09:18:46.536,2026-06-15 09:18:46.536,0,0,,0,f,,1,,,,,onsite,,
8dd738b1-c5bc-42e7-b88b-a74aaf7ce841,4a2ce9e2-3a83-4c88-8c0c-017783070902,cc4a0570-3b04-4b2a-a2e9-05ec4804431d,AC Repair & Service,ac-repair-service-51,"AC repair, gas refilling, filter replacement and deep cleaning for all brands.",Expert AC repair for all brands,49900,fixed,90,"[""https://images.unsplash.com/photo-1581578731548-c64695cc6952?w=400&h=300&fit=crop""]",,,t,t,t,f,4.75,25,47,0,2026-01-30 07:45:43.287,2026-01-30 07:45:43.287,0,0,,0,f,,1,,,,,online,,
10164e9d-b8bc-45c8-9ad4-c821e3bdedeb,0b3d86b2-045a-450c-b5b9-6ee77ba8393b,3f160228-51c8-4ecf-8a0a-57dfed1b0239,Birthday Photography,birthday-photography-52,Professional birthday event photography with same-day preview shots.,Birthday shoot with same-day preview,699900,fixed,180,"[""https://images.unsplash.com/photo-1581578731548-c64695cc6952?w=400&h=300&fit=crop""]",,,t,t,t,f,4.01,66,87,0,2026-02-06 17:24:48.593,2026-02-06 17:24:48.593,0,0,,0,f,,1,,,,,online,,
83207c00-d9bc-443f-8033-f4b3a3d78db2,aff7bf6f-1f42-4186-9172-0575e2166d1b,0e2acfd3-b488-493c-a54f-d3268eb73f66,IELTS/TOEFL Preparation,ielts-toefl-prep-53,Structured IELTS and TOEFL coaching targeting Band 7+ scores.,IELTS/TOEFL coaching for Band 7+,120000,hourly,90,"[""https://images.unsplash.com/photo-1581578731548-c64695cc6952?w=400&h=300&fit=crop""]",,,t,t,t,f,3.99,60,97,0,2026-02-10 19:33:33.583,2026-02-10 19:33:33.583,0,0,,0,f,,1,,,,,onsite,,
09f01302-1cfa-470b-80ee-97324c471aac,ef2db3af-8411-4c5b-9bf3-9bde5013d5c9,3683acb1-77f4-42bd-92e3-f5723891b482,Nutritionist Consultation,nutritionist-consultation-54,Personalized diet planning and nutrition guidance by certified nutritionists.,Custom diet plan from certified nutritionist,150000,fixed,60,"[""https://images.unsplash.com/photo-1581578731548-c64695cc6952?w=400&h=300&fit=crop""]",,,t,t,t,f,3.62,77,85,0,2026-02-25 22:10:35.307,2026-02-25 22:10:35.307,0,0,,0,f,,1,,,,,online,,
40e60baa-9eaf-4c64-bfe4-ae30fb08a5d4,af731e0d-390b-42bd-84b9-cc400482dd18,09219e10-8c5b-4ec3-ac67-83637c35bc83,DJ & Sound Setup,dj-sound-setup-55,"Professional DJ setup, sound system and lighting for parties and weddings.",DJ and sound system for events,399900,fixed,360,"[""https://images.unsplash.com/photo-1581578731548-c64695cc6952?w=400&h=300&fit=crop""]",,,t,t,t,f,3.78,18,19,0,2026-04-09 13:33:21.195,2026-04-09 13:33:21.195,0,0,,0,f,,1,,,,,onsite,,
f86c237b-40ec-4765-9e03-f6bbdb01002c,be505d37-33a7-4f49-b80d-96bda674b840,5f7d1bd3-a25c-49c9-bb6f-3a3e49e624b4,Laptop/PC Repair,laptop-pc-repair-56,Diagnosis and repair of laptops and desktops for all brands.,All-brand laptop and PC repair,59900,fixed,90,"[""https://images.unsplash.com/photo-1581578731548-c64695cc6952?w=400&h=300&fit=crop""]",,,t,t,t,f,4.01,96,104,0,2026-02-22 07:33:13.858,2026-02-22 07:33:13.858,0,0,,0,f,,1,,,,,onsite,,
630d0080-f4fe-446b-9422-30396c62131e,572f0e58-8b43-492f-8b7a-9ef65160d275,e54b2e6e-af87-4b2f-9512-20314813671a,Sofa & Carpet Cleaning,sofa-carpet-cleaning-57,"Steam cleaning and sanitizing sofas, carpets and upholstery.",Deep sofa and carpet steam cleaning,79900,fixed,120,"[""https://images.unsplash.com/photo-1581578731548-c64695cc6952?w=400&h=300&fit=crop""]",,,t,t,t,f,4.23,26,74,0,2026-04-04 19:04:01.692,2026-04-04 19:04:01.692,0,0,,0,f,,1,,,,,onsite,,
194c7f17-7deb-421a-a992-debf903b7fc6,d3deddf8-0ca1-4781-8f2d-07eff4129c9f,a8946753-adbb-463c-8c91-e19653b7d3f2,Facial & Skin Treatment,facial-skin-treatment-58,"Advanced facial, clean-up and skin rejuvenation at your doorstep.",Doorstep facial and skin rejuvenation,149900,fixed,75,"[""https://images.unsplash.com/photo-1581578731548-c64695cc6952?w=400&h=300&fit=crop""]",,,t,t,f,f,3.70,60,106,0,2026-01-04 10:28:24.136,2026-01-04 10:28:24.136,0,0,,0,f,,1,,,,,online,,
3e873f14-b11c-4c6f-a8d1-07c5644e5d96,f486aeb3-14eb-45f0-b9d6-d2afaedb21f8,cc4a0570-3b04-4b2a-a2e9-05ec4804431d,Plumbing Services,plumbing-services-59,"Tap, pipeline, drainage and bathroom fitting repair and installation.",Home plumbing repair and installation,34900,fixed,60,"[""https://images.unsplash.com/photo-1581578731548-c64695cc6952?w=400&h=300&fit=crop""]",,,t,t,t,f,4.30,59,61,0,2026-01-21 17:03:08.252,2026-01-21 17:03:08.252,0,0,,0,f,,1,,,,,onsite,,
8c2b08d1-0834-451e-849a-bf2f450e2dfe,c367a069-f5d4-441d-9c1c-890d18c9def8,3f160228-51c8-4ecf-8a0a-57dfed1b0239,Corporate Headshots,corporate-headshots-60,Professional corporate and LinkedIn headshots with retouching.,LinkedIn-ready corporate headshots,399900,fixed,90,"[""https://images.unsplash.com/photo-1581578731548-c64695cc6952?w=400&h=300&fit=crop""]",,,t,t,t,f,4.68,104,105,0,2026-02-03 09:35:35.413,2026-02-03 09:35:35.413,0,0,,0,f,,1,,,,,onsite,,
826b4279-0aae-4751-9738-9bb90e395113,ddda5e27-ffc4-4249-a85c-3c55784bc41a,0e2acfd3-b488-493c-a54f-d3268eb73f66,Math & Science Tutoring,math-science-tutoring-61,"Personalized tutoring for Class 8-12 Mathematics, Physics and Chemistry.",Class 8-12 Math & Science tutoring,80000,hourly,60,"[""https://images.unsplash.com/photo-1581578731548-c64695cc6952?w=400&h=300&fit=crop""]",,,t,t,f,f,3.77,81,109,0,2026-03-14 09:44:55.542,2026-03-14 09:44:55.542,0,0,,0,f,,1,,,,,online,,
720a0c0b-0d71-4d97-ad8f-bf00bd8da716,efae5e43-ad79-4a37-bdc7-90b013f4c068,3683acb1-77f4-42bd-92e3-f5723891b482,Yoga at Home,yoga-at-home-62,"Morning yoga sessions at your home for flexibility, breathing and mindfulness.",Personalized home yoga sessions,80000,hourly,60,"[""https://images.unsplash.com/photo-1581578731548-c64695cc6952?w=400&h=300&fit=crop""]",,,t,t,t,f,4.26,48,85,0,2026-01-16 16:30:06.204,2026-01-16 16:30:06.204,0,0,,0,f,,1,,,,,onsite,,
01178ab8-e053-442b-a48c-1229657cc434,21e75cd6-e1c8-4437-b34c-0226e051a698,09219e10-8c5b-4ec3-ac67-83637c35bc83,Wedding Decoration,wedding-decoration-63,"Floral, thematic and stage decoration for weddings and receptions.",Complete wedding decor and florals,1499900,fixed,360,"[""https://images.unsplash.com/photo-1581578731548-c64695cc6952?w=400&h=300&fit=crop""]",,,t,t,t,f,4.97,52,67,0,2026-06-04 04:02:19.845,2026-06-04 04:02:19.845,0,0,,0,f,,1,,,,,online,,
0563a9fa-6e5b-4efa-bc2a-5b2be60248eb,a085bb75-7aac-4e90-927c-781eac4832c2,5f7d1bd3-a25c-49c9-bb6f-3a3e49e624b4,CCTV Installation,cctv-installation-64,Professional CCTV camera installation and DVR configuration for homes and offices.,Home and office CCTV installation,149900,fixed,120,"[""https://images.unsplash.com/photo-1581578731548-c64695cc6952?w=400&h=300&fit=crop""]",,,t,t,t,f,3.69,45,75,0,2026-04-17 04:10:53.326,2026-04-17 04:10:53.326,0,0,,0,f,,1,,,,,onsite,,
ff4ce33a-9704-4960-a2a6-eca66711ba88,459be011-862d-435c-b35e-f5acf9991520,e54b2e6e-af87-4b2f-9512-20314813671a,Move-in/Move-out Cleaning,move-in-out-cleaning-65,Complete cleaning service before or after moving homes.,Thorough move-in or move-out cleaning,129900,fixed,150,"[""https://images.unsplash.com/photo-1581578731548-c64695cc6952?w=400&h=300&fit=crop""]",,,t,t,t,f,3.81,3,53,0,2026-05-02 16:36:09.298,2026-05-02 16:36:09.298,0,0,,0,f,,1,,,,,onsite,,
ab989496-aebf-4d20-a95c-19689ee9e07f,548c77d7-ff8e-487b-9c92-16b8c6be82fe,a8946753-adbb-463c-8c91-e19653b7d3f2,Bridal Makeup & Hair,bridal-makeup-hair-66,"Complete bridal makeup, hairstyling and saree draping for the big day.",Bridal makeup with trial session included,899900,fixed,240,"[""https://images.unsplash.com/photo-1581578731548-c64695cc6952?w=400&h=300&fit=crop""]",,,t,t,t,f,3.62,33,55,0,2026-05-01 23:02:26.790,2026-05-01 23:02:26.790,0,0,,0,f,,1,,,,,online,,
51b6e618-275c-4aa0-be7f-7c1a2cabed95,35c06868-e19d-4050-86ae-6ce3e40b4175,cc4a0570-3b04-4b2a-a2e9-05ec4804431d,Washing Machine Repair,washing-machine-repair-67,Washing machine diagnosis and repair for all brands and models.,All-brand washing machine repair,39900,fixed,60,"[""https://images.unsplash.com/photo-1581578731548-c64695cc6952?w=400&h=300&fit=crop""]",,,t,t,t,f,3.86,19,30,0,2026-04-09 04:13:10.273,2026-04-09 04:13:10.273,0,0,,0,f,,1,,,,,onsite,,
baaddaa2-4e08-4480-95e1-90e027702b74,34d27c6e-4f95-4eb5-912c-a16685c3a997,3f160228-51c8-4ecf-8a0a-57dfed1b0239,Product Photography,product-photography-68,Studio-quality product photos for e-commerce and marketing.,E-commerce product photography,299900,fixed,120,"[""https://images.unsplash.com/photo-1581578731548-c64695cc6952?w=400&h=300&fit=crop""]",,,t,t,t,f,4.12,69,104,0,2026-01-11 20:19:46.576,2026-01-11 20:19:46.576,0,0,,0,f,,1,,,,,onsite,,
85334de4-a266-4f04-a3fa-6fcb8d20d9bf,6a5875d2-1869-4a5c-bb61-6a0551826003,0e2acfd3-b488-493c-a54f-d3268eb73f66,Coding for Beginners,coding-beginners-69,"Beginner-friendly Python, web and logic programming sessions for school/college students.",Python and web coding for beginners,90000,hourly,60,"[""https://images.unsplash.com/photo-1581578731548-c64695cc6952?w=400&h=300&fit=crop""]",,,t,t,t,f,3.77,119,123,0,2026-02-09 14:13:48.279,2026-02-09 14:13:48.279,0,0,,0,f,,1,,,,,online,,
8397c8b0-72c1-4022-a379-c373059ef903,7f2bd340-815e-4232-9648-bb84ad761a3e,3683acb1-77f4-42bd-92e3-f5723891b482,Post-Natal Fitness,post-natal-fitness-70,Gentle and safe fitness routines for new mothers to regain strength.,Safe post-natal fitness for new moms,90000,hourly,45,"[""https://images.unsplash.com/photo-1581578731548-c64695cc6952?w=400&h=300&fit=crop""]",,,t,t,t,f,4.19,111,143,0,2026-03-19 04:36:26.256,2026-03-19 04:36:26.256,0,0,,0,f,,1,,,,,online,,
ddd9d36e-32e4-449c-8352-a475bfb61998,66f9fa46-8259-4a11-88b9-b5abead4c13b,09219e10-8c5b-4ec3-ac67-83637c35bc83,Birthday Party Planning,birthday-party-planning-71,"Complete birthday party organization including decor, catering and entertainment.",End-to-end birthday party management,499900,fixed,480,"[""https://images.unsplash.com/photo-1581578731548-c64695cc6952?w=400&h=300&fit=crop""]",,,t,t,t,f,3.87,22,29,0,2026-02-05 19:47:38.345,2026-02-05 19:47:38.345,0,0,,0,f,,1,,,,,onsite,,
39b39b9c-5dde-4b92-bb5d-432128bcf93e,acccc5fc-1d5a-4afb-ba10-182fa86937ca,5f7d1bd3-a25c-49c9-bb6f-3a3e49e624b4,Software Installation,software-installation-72,"OS reinstallation, driver updates, antivirus and software setup.",OS and software setup service,29900,fixed,60,"[""https://images.unsplash.com/photo-1581578731548-c64695cc6952?w=400&h=300&fit=crop""]",,,t,t,t,f,3.51,112,148,0,2026-01-29 11:20:12.655,2026-01-29 11:20:12.655,0,0,,0,f,,1,,,,,online,,
3aae7a76-592a-4ab9-a3dd-bf1f1ad60a98,cad1ce7d-424d-46df-83d7-11ce9a5f3fa1,e54b2e6e-af87-4b2f-9512-20314813671a,Kitchen Deep Clean,kitchen-deep-clean-73,"Thorough kitchen degreasing, chimney cleaning and appliance wipe-down.",Kitchen deep clean and degreasing,59900,fixed,90,"[""https://images.unsplash.com/photo-1581578731548-c64695cc6952?w=400&h=300&fit=crop""]",,,t,t,t,f,4.93,117,136,0,2026-03-07 10:54:52.493,2026-03-07 10:54:52.493,0,0,,0,f,,1,,,,,onsite,,
e34b8027-cbf1-4ead-b184-6bd97b0e3d5c,2858f006-3101-466d-b24f-8f1763f5b9e4,a8946753-adbb-463c-8c91-e19653b7d3f2,Full Body Massage,full-body-massage-74,Relaxing full-body massage using therapeutic oils by a trained therapist.,Therapeutic full-body massage at home,179900,fixed,90,"[""https://images.unsplash.com/photo-1581578731548-c64695cc6952?w=400&h=300&fit=crop""]",,,t,t,t,f,3.93,84,106,0,2026-05-06 10:08:44.252,2026-05-06 10:08:44.252,0,0,,0,f,,1,,,,,onsite,,
49dcc95e-c347-442f-8947-687d2f3b28d6,09c474a5-b8be-40ce-9e1f-d747b791c4a2,cc4a0570-3b04-4b2a-a2e9-05ec4804431d,Electrical Repair,electrical-repair-75,"Wiring, switchboard, fan and light fitting repair by licensed electricians.",Licensed home electrical repair,29900,fixed,60,"[""https://images.unsplash.com/photo-1581578731548-c64695cc6952?w=400&h=300&fit=crop""]",,,t,t,t,f,3.75,66,80,0,2026-06-21 21:35:58.993,2026-06-21 21:35:58.993,0,0,,0,f,,1,,,,,online,,
1afcb233-ddeb-4dac-88fc-a06739c43f81,c91896aa-8114-45d1-9ab5-e5117bd2a817,3f160228-51c8-4ecf-8a0a-57dfed1b0239,Wedding Photography,wedding-photography-76,"Full-day wedding coverage with candid shots, pre-wedding shoot and edited album.",Full-day wedding coverage + pre-shoot,4999900,custom,720,"[""https://images.unsplash.com/photo-1581578731548-c64695cc6952?w=400&h=300&fit=crop""]",,,t,t,t,f,3.95,7,57,0,2026-03-05 08:00:12.259,2026-03-05 08:00:12.259,0,0,,0,f,,1,,,,,onsite,,
312330a2-c0fe-4be9-b53d-7d6ab363bdcb,789060d2-d678-4383-bd8a-310bed4b4a71,0e2acfd3-b488-493c-a54f-d3268eb73f66,English Language Coaching,english-coaching-77,"Spoken English, grammar and writing improvement for all ages.",Spoken English and grammar coaching,70000,hourly,60,"[""https://images.unsplash.com/photo-1581578731548-c64695cc6952?w=400&h=300&fit=crop""]",,,t,t,t,f,3.52,91,135,0,2026-02-09 19:53:49.154,2026-02-09 19:53:49.154,0,0,,0,f,,1,,,,,online,,
f0ada4af-3a46-4499-9b3c-16d2be42e54d,bdecabd8-66f4-42a9-8adb-1c9ecf8aa192,3683acb1-77f4-42bd-92e3-f5723891b482,Zumba Dance Classes,zumba-dance-classes-78,High-energy Zumba sessions for weight loss and fitness.,Fun Zumba fitness classes at home,70000,hourly,60,"[""https://images.unsplash.com/photo-1581578731548-c64695cc6952?w=400&h=300&fit=crop""]",,,t,t,t,f,4.43,66,95,0,2026-05-04 14:29:03.290,2026-05-04 14:29:03.290,0,0,,0,f,,1,,,,,onsite,,
da489dbf-4e31-44af-b645-45c3906b3905,b3bf8e10-2fb5-4a6c-b4aa-e142d62874f4,09219e10-8c5b-4ec3-ac67-83637c35bc83,Catering Services,catering-services-79,Traditional Kerala and multicuisine catering for all event sizes.,Kerala and multicuisine event catering,99900,custom,240,"[""https://images.unsplash.com/photo-1581578731548-c64695cc6952?w=400&h=300&fit=crop""]",,,t,t,t,f,4.55,4,53,0,2026-01-29 15:07:24.902,2026-01-29 15:07:24.902,0,0,,0,f,,1,,,,,online,,
b3f17c46-c0b7-4c66-bea7-a4430de2d3b0,4bcf2e92-2eb3-41c8-82cc-794a325192eb,5f7d1bd3-a25c-49c9-bb6f-3a3e49e624b4,Data Recovery,data-recovery-80,"Professional recovery of lost data from hard drives, SSDs and USB devices.",Hard drive and SSD data recovery,99900,fixed,120,"[""https://images.unsplash.com/photo-1581578731548-c64695cc6952?w=400&h=300&fit=crop""]",,,t,t,t,f,3.50,15,19,0,2026-01-31 02:34:16.870,2026-01-31 02:34:16.870,0,0,,0,f,,1,,,,,onsite,,
b310c90d-7dc2-4ecb-8fd5-41452fa68796,372d42d6-7c2d-4a80-8431-fa0abf39fd26,e54b2e6e-af87-4b2f-9512-20314813671a,Deep Home Cleaning,deep-home-cleaning-81,"Professional deep cleaning of your entire home including kitchen, bathrooms and bedrooms.",Full home deep clean with eco products,149900,fixed,180,"[""https://images.unsplash.com/photo-1581578731548-c64695cc6952?w=400&h=300&fit=crop""]",,,t,t,t,f,3.88,73,101,0,2026-04-08 05:14:13.824,2026-04-08 05:14:13.824,0,0,,0,f,,1,,,,,onsite,,
5ba50a29-8da7-4792-9d37-cc5fbf72a1d1,48d4ed08-0642-4a14-a14d-a610da5e40c7,a8946753-adbb-463c-8c91-e19653b7d3f2,Party Makeup,party-makeup-82,HD or airbrush party makeup with hairstyling for events.,Party-ready HD makeup and styling,249900,fixed,90,"[""https://images.unsplash.com/photo-1581578731548-c64695cc6952?w=400&h=300&fit=crop""]",,,t,t,t,f,4.46,44,93,0,2026-01-17 09:46:50.513,2026-01-17 09:46:50.513,0,0,,0,f,,1,,,,,onsite,,
5176752d-234e-46b8-83bd-0e7289f9a2a4,b8727e1c-e462-499a-8a78-26979fb2cb15,cc4a0570-3b04-4b2a-a2e9-05ec4804431d,Refrigerator Repair,refrigerator-repair-83,"Fridge compressor, thermostat and gas leak repair by certified technicians.",Certified fridge repair service,44900,fixed,75,"[""https://images.unsplash.com/photo-1581578731548-c64695cc6952?w=400&h=300&fit=crop""]",,,t,t,t,f,4.48,51,63,0,2026-05-22 18:27:45.125,2026-05-22 18:27:45.125,0,0,,0,f,,1,,,,,onsite,,
d180d635-5d5e-448f-9f68-5638104f3f61,e9e69b1b-6ae0-4d9e-aa60-88f1451ec5d6,3f160228-51c8-4ecf-8a0a-57dfed1b0239,Newborn & Maternity Shoot,newborn-maternity-shoot-84,Artistic maternity and newborn portraits in natural or studio settings.,Artistic maternity and newborn portraits,899900,fixed,180,"[""https://images.unsplash.com/photo-1581578731548-c64695cc6952?w=400&h=300&fit=crop""]",,,t,t,f,f,4.41,32,35,0,2026-06-14 13:07:13.942,2026-06-14 13:07:13.942,0,0,,0,f,,1,,,,,onsite,,
be424d58-af6e-45b7-a2a5-b0aaba4a4e88,f7a911d4-8643-4232-96cf-d7bb1c1c5c29,0e2acfd3-b488-493c-a54f-d3268eb73f66,Preschool Readiness,preschool-readiness-85,Activity-based learning for children aged 3-6 to prepare for school.,School readiness for ages 3-6,60000,hourly,45,"[""https://images.unsplash.com/photo-1581578731548-c64695cc6952?w=400&h=300&fit=crop""]",,,t,t,t,f,4.61,118,125,0,2026-02-25 01:13:04.478,2026-02-25 01:13:04.478,0,0,,0,f,,1,,,,,online,,
224d8dc5-d16c-431c-84d2-0937cba7e786,139e884d-6c07-47e5-87cb-90af33c41eac,3683acb1-77f4-42bd-92e3-f5723891b482,Personal Fitness Training,personal-fitness-training-86,One-on-one personal training with customized workout and diet plan.,Custom personal training and diet,120000,hourly,60,"[""https://images.unsplash.com/photo-1581578731548-c64695cc6952?w=400&h=300&fit=crop""]",,,t,t,t,f,3.61,52,101,0,2026-03-31 00:14:00.601,2026-03-31 00:14:00.601,0,0,,0,f,,1,,,,,onsite,,
0ddd4b77-48fe-4a50-b165-7e090895e548,2018884a-ed11-4f6d-86e1-6ed9e0d5c8fc,09219e10-8c5b-4ec3-ac67-83637c35bc83,Corporate Event Management,corporate-event-mgmt-87,"Full-scale corporate event planning: venue, AV, catering and logistics.",Corporate event planning and execution,2999900,custom,480,"[""https://images.unsplash.com/photo-1581578731548-c64695cc6952?w=400&h=300&fit=crop""]",,,t,t,t,f,3.97,106,146,0,2026-05-26 22:13:37.391,2026-05-26 22:13:37.391,0,0,,0,f,,1,,,,,onsite,,
fa49a4e7-be89-463e-99db-2030af333aeb,163923e1-d82e-4afb-98e4-147b283aa7f2,5f7d1bd3-a25c-49c9-bb6f-3a3e49e624b4,Home Network Setup,home-network-setup-88,"Wi-Fi router setup, network optimization and connectivity troubleshooting.",Home Wi-Fi and network setup,39900,fixed,60,"[""https://images.unsplash.com/photo-1581578731548-c64695cc6952?w=400&h=300&fit=crop""]",,,t,t,t,f,4.92,47,94,0,2026-02-06 02:47:17.681,2026-02-06 02:47:17.681,0,0,,0,f,,1,,,,,onsite,,
cfa8747a-2661-4ad9-858e-6d17c00f6a07,1c5d67dc-a30c-47d9-959f-c34244012458,e54b2e6e-af87-4b2f-9512-20314813671a,Post-Construction Cleanup,post-construction-cleanup-89,Full cleanup after renovation or construction work.,Post-renovation site cleanup,199900,fixed,240,"[""https://images.unsplash.com/photo-1581578731548-c64695cc6952?w=400&h=300&fit=crop""]",,,t,t,t,f,3.76,73,81,0,2026-04-03 00:23:53.310,2026-04-03 00:23:53.310,0,0,,0,f,,1,,,,,online,,
533e7e17-d3bc-4e82-ba46-1d69ffae7423,f192f307-7f35-48fd-93da-2e45ce76d156,a8946753-adbb-463c-8c91-e19653b7d3f2,Mehendi Design,mehendi-design-90,Intricate bridal or party mehendi designs by expert artists.,Expert bridal and party mehendi,79900,fixed,120,"[""https://images.unsplash.com/photo-1581578731548-c64695cc6952?w=400&h=300&fit=crop""]",,,t,t,t,f,4.76,107,154,0,2026-03-22 12:06:20.455,2026-03-22 12:06:20.455,0,0,,0,f,,1,,,,,onsite,,
5793d525-7bef-4582-97a1-d669b7c49e3b,c8acef02-11eb-4dc4-a2e9-31e90b2892eb,cc4a0570-3b04-4b2a-a2e9-05ec4804431d,AC Repair & Service,ac-repair-service-91,"AC repair, gas refilling, filter replacement and deep cleaning for all brands.",Expert AC repair for all brands,49900,fixed,90,"[""https://images.unsplash.com/photo-1581578731548-c64695cc6952?w=400&h=300&fit=crop""]",,,t,t,f,f,4.22,14,16,0,2026-02-08 13:26:50.986,2026-02-08 13:26:50.986,0,0,,0,f,,1,,,,,online,,
81e15e52-47c0-4f3d-980f-b3793b47488e,9505a7be-44aa-443e-a1e9-30624ae27427,3f160228-51c8-4ecf-8a0a-57dfed1b0239,Birthday Photography,birthday-photography-92,Professional birthday event photography with same-day preview shots.,Birthday shoot with same-day preview,699900,fixed,180,"[""https://images.unsplash.com/photo-1581578731548-c64695cc6952?w=400&h=300&fit=crop""]",,,t,t,t,f,4.01,79,82,0,2026-01-09 05:27:44.445,2026-01-09 05:27:44.445,0,0,,0,f,,1,,,,,online,,
cd71ed08-551f-4e6a-a584-5ab698ecab69,352eb8b5-f04f-467f-9313-afbe6ad8eea9,0e2acfd3-b488-493c-a54f-d3268eb73f66,IELTS/TOEFL Preparation,ielts-toefl-prep-93,Structured IELTS and TOEFL coaching targeting Band 7+ scores.,IELTS/TOEFL coaching for Band 7+,120000,hourly,90,"[""https://images.unsplash.com/photo-1581578731548-c64695cc6952?w=400&h=300&fit=crop""]",,,t,t,t,f,3.70,83,133,0,2026-03-11 10:18:43.352,2026-03-11 10:18:43.352,0,0,,0,f,,1,,,,,onsite,,
0e2e28e0-feaf-4a70-bf3f-e3dd5b5de1ac,15b5468a-2688-4bbb-aabb-4236f5d78280,3683acb1-77f4-42bd-92e3-f5723891b482,Nutritionist Consultation,nutritionist-consultation-94,Personalized diet planning and nutrition guidance by certified nutritionists.,Custom diet plan from certified nutritionist,150000,fixed,60,"[""https://images.unsplash.com/photo-1581578731548-c64695cc6952?w=400&h=300&fit=crop""]",,,t,t,t,f,4.56,5,45,0,2026-03-17 00:26:16.205,2026-03-17 00:26:16.205,0,0,,0,f,,1,,,,,onsite,,
48fddeb6-3fd0-4530-969f-40aafd71bfd9,0cf00b9e-0a9d-4363-8f02-0f441c147acd,09219e10-8c5b-4ec3-ac67-83637c35bc83,DJ & Sound Setup,dj-sound-setup-95,"Professional DJ setup, sound system and lighting for parties and weddings.",DJ and sound system for events,399900,fixed,360,"[""https://images.unsplash.com/photo-1581578731548-c64695cc6952?w=400&h=300&fit=crop""]",,,t,t,f,f,4.10,10,44,0,2026-05-05 10:51:38.446,2026-05-05 10:51:38.446,0,0,,0,f,,1,,,,,onsite,,
a6e79c5e-25c5-404b-a7f6-e0f8c22a261d,7746b608-e8da-4412-bcc2-d13c43501784,5f7d1bd3-a25c-49c9-bb6f-3a3e49e624b4,Laptop/PC Repair,laptop-pc-repair-96,Diagnosis and repair of laptops and desktops for all brands.,All-brand laptop and PC repair,59900,fixed,90,"[""https://images.unsplash.com/photo-1581578731548-c64695cc6952?w=400&h=300&fit=crop""]",,,t,t,t,f,3.54,96,130,0,2026-02-27 01:53:52.183,2026-02-27 01:53:52.183,0,0,,0,f,,1,,,,,onsite,,
e34e995e-babd-49a3-b48f-3b4befbfa85f,59758716-b18e-417b-8e13-52204ec3ea72,e54b2e6e-af87-4b2f-9512-20314813671a,Sofa & Carpet Cleaning,sofa-carpet-cleaning-97,"Steam cleaning and sanitizing sofas, carpets and upholstery.",Deep sofa and carpet steam cleaning,79900,fixed,120,"[""https://images.unsplash.com/photo-1581578731548-c64695cc6952?w=400&h=300&fit=crop""]",,,t,t,t,f,4.94,103,135,0,2026-04-14 07:01:59.700,2026-04-14 07:01:59.700,0,0,,0,f,,1,,,,,onsite,,
838f3e82-2200-4b8a-9d99-39fc38babd08,432a5f42-ccac-4ac0-a351-a1893eb1fdc6,a8946753-adbb-463c-8c91-e19653b7d3f2,Facial & Skin Treatment,facial-skin-treatment-98,"Advanced facial, clean-up and skin rejuvenation at your doorstep.",Doorstep facial and skin rejuvenation,149900,fixed,75,"[""https://images.unsplash.com/photo-1581578731548-c64695cc6952?w=400&h=300&fit=crop""]",,,t,t,f,f,4.88,58,95,0,2026-01-31 00:24:55.316,2026-01-31 00:24:55.316,0,0,,0,f,,1,,,,,online,,
7b25c9bb-a8e3-40e9-a492-aa7051c4fe3c,27387b04-abdd-4637-85d5-d7dd0109b300,cc4a0570-3b04-4b2a-a2e9-05ec4804431d,Plumbing Services,plumbing-services-99,"Tap, pipeline, drainage and bathroom fitting repair and installation.",Home plumbing repair and installation,34900,fixed,60,"[""https://images.unsplash.com/photo-1581578731548-c64695cc6952?w=400&h=300&fit=crop""]",,,t,t,t,f,3.71,50,85,0,2026-06-15 22:21:23.519,2026-06-15 22:21:23.519,0,0,,0,f,,1,,,,,onsite,,
03905331-8915-4b00-bbd7-c061661f2448,648887b4-3b90-4a55-9b95-4a5a07666735,3f160228-51c8-4ecf-8a0a-57dfed1b0239,Corporate Headshots,corporate-headshots-100,Professional corporate and LinkedIn headshots with retouching.,LinkedIn-ready corporate headshots,399900,fixed,90,"[""https://images.unsplash.com/photo-1581578731548-c64695cc6952?w=400&h=300&fit=crop""]",,,t,t,f,f,4.27,82,84,0,2026-02-01 20:48:12.568,2026-02-01 20:48:12.568,0,0,,0,f,,1,,,,,onsite,,

p1umb3r0-0000-0000-0000-000000000000,c3013b2a-9a7f-40fe-b87c-f2624a1117c9,cc4a0570-3b04-4b2a-a2e9-05ec4804431d,Plumbing Repair,plumbing-repair,"Expert plumbing repair for leaks, pipes, and fixtures.",Fix leaks and pipe issues quickly.,5000,fixed,60,[],,,t,t,t,f,4.8,10,25,0,2026-06-30 10:00:00,2026-06-30 10:00:00,0,0,,0,f,,1,,,,,onsite,,
srv_photo1,prov1,cat_photo123,Photgraphy,photgraphy,I offer photgraphy services,Photgraphy service,5000,fixed,60,[],[],[],true,true,false,false,5.0,10,10,100,2026-07-12T00:00:00Z,2026-07-12T00:00:00Z,0,1,60,0,false,10,1,[],1,,,remote,,10
srv_photo2,prov2,cat_photo123,Photographer,photographer,I am a professional photographer,Photographer service,6000,fixed,60,[],[],[],true,true,false,false,4.9,20,15,150,2026-07-12T00:00:00Z,2026-07-12T00:00:00Z,0,1,60,0,false,10,1,[],1,,,remote,,10
